1	~=BigBossHog	01:26	Saturday, Apr 27, 2024
2	bigjoo	01:54	Saturday, Apr 27, 2024
3	rabulrabul	03:57	Saturday, Apr 27, 2024
1	_BigBossHog	00:29	Friday, Apr 26, 2024
2	_~_—bigjoo	00:31	Friday, Apr 26, 2024
3.	rabulrabul	00:47	Friday, Apr 26, 2024
1	_BigBossHog	00:55	Thursday, Apr 25, 2024
2	_—_sibigjoo	01:02	Thursday, Apr 25, 2024
3	Gishok	01:39	Thursday, Apr 25, 2024
4	rabulrabul	02:03	Thursday, Apr 25, 2024
1	bigjoo	00:52	
2	~~	rabulrabul	
1	bigjoo	00:52	
2	~~	rabulrabul	
1	bigjoo	00:37	Tuesday, Apr 23, 2024
2	~=BigBossHog	00:42	Tuesday, Apr 23, 2024
3	rabulrabul	01:29	Tuesday, Apr 23, 2024
4	Gishok	01:42	Tuesday, Apr 23, 2024
5	=	Sukhraj	Tuesday, Apr 23, 2024
1	_BigBossHog	00:29	Monday, Apr 22, 2024
2	_~_—bigjoo	00:34	Monday, Apr 22, 2024
3.	rabulrabul	01:46	Monday, Apr 22, 2024
1	_BigBossHog	00:25	Sunday, Apr 21, 2024
2	_—_bigjoo	00:26	Sunday, Apr 21, 2024
3	rabulrabul	00:46	Sunday, Apr 21, 2024
4	Ant-man©	03:42	Sunday, Apr 21, 2024
1	_BigBossHog	00:25	Sunday, Apr 21, 2024
2	___sibigjoo	00:26	Sunday, Apr 21, 2024
3	rabulrabul	00:46	Sunday, Apr 21, 2024
4	Ant-man©	03:42	Sunday, Apr 21, 2024
1	___bigjoo	01:08	Saturday, Apr 20, 2024
2.	~=CBigBossHog	02:07	Saturday, Apr 20, 2024
3	rabulrabul	02:13	Saturday, Apr 20, 2024
4	=	Gishok	Saturday, Apr 20, 2024
2	~=BigBossHog	00:36	Friday, Apr 19, 2024
3.	rabulrabul	00:49	Friday, Apr 19, 2024
4	=	Gishok	Friday, Apr 19, 2024
5	=	Ant-man©O	Friday, Apr 19, 2024
1	bigjoo	00:13	Thursday, Apr 18, 2024
2.	~=BigBossHog	00:54	Thursday, Apr 18, 2024
3.	rabulrabul	01:15	Thursday, Apr 18, 2024
4	Gishok	01:27	Thursday, Apr 18, 2024
1	bigjoo	00:13	Thursday, Apr 18, 2024
2	~=BigBossHog	00:54	Thursday, Apr 18, 2024
3.	rabulrabul	01:15	Thursday, Apr 18, 2024
4	=	Gishok	Thursday, Apr 18, 2024
1	bigjoo	00:27	Wednesday, Apr 17, 2024
2	~=BigBossHog	01:34	Wednesday, Apr 17, 2024
3	Gishok	01:37	Wednesday, Apr 17, 2024
4	rabulrabul	02:44	Wednesday, Apr 17, 2024
1	srabulrabul	01:08	Tuesday, Apr 16, 2024
2.	~=CBigBossHog	01:23	Tuesday, Apr 16, 2024
3.	bigjoo	02:28	Tuesday, Apr 16, 2024
1	srabulrabul	01:08	Monday, Apr 15, 2024
2.	~=CBigBossHog	01:23	Monday, Apr 15, 2024
3.	bigjoo	02:28	Monday, Apr 15, 2024
1	___bigjoo	00:23	Monday, Apr 15, 2024
2	~=BigBossHog	00:36	Monday, Apr 15, 2024
3	rabulrabul	01:10	Monday, Apr 15, 2024
4	Ant-man©	02:59	Monday, Apr 15, 2024
1	bigjoo	00:26	Sunday, Apr 14, 2024
2	~=BigBossHog	00:29	Sunday, Apr 14, 2024
3	rabulrabul	01:02	Sunday, Apr 14, 2024
4	Ant-man©	02:17	Sunday, Apr 14, 2024
